key, motion, time
k, h, 945
k, h, 689
k, h, 1030
k, h, 667
k, h, 1022
k, h, 578
k, h, 958
k, h, 600
k, h, 1133
k, h, 667
k, h, 2130
k, h, 1093
k, h, 1236
k, h, 651
k, h, 1651
k, h, 756
k, h, 1504
k, h, 818
k, h, 1079
k, h, 669
k, h, 921
k, h, 645
k, h, 1011
k, h, 665
k, h, 1030
k, h, 711
k, h, 942
k, h, 711
k, h, 1015
k, h, 601
k, h, 1144
k, h, 936
k, h, 1134
k, h, 645
k, h, 899
k, h, 800
k, h, 934
k, h, 955
k, h, 898
k, h, 536
k, h, 861
k, h, 422
k, h, 1350
k, h, 445
k, h, 858
k, h, 473
k, h, 940
k, h, 387
k, h, 504
k, h, 474
k, h, 872
k, h, 534
k, h, 682
k, h, 467
k, h, 767
k, h, 382
k, h, 880
k, h, 436
k, h, 602
k, h, 445
u, d, 1459
u, d, 1034
u, d, 1740
u, d, 800
u, d, 839
u, d, 697
u, d, 728
u, d, 737
u, d, 678
u, d, 877
u, d, 875
u, d, 752
u, d, 725
u, d, 657
u, d, 745
u, d, 765
u, d, 812
u, d, 505
u, d, 725
u, d, 512
u, d, 526
u, d, 1133
u, d, 687
u, d, 962
u, d, 680
u, d, 646
u, d, 647
u, d, 810
u, d, 1367
u, d, 1681
u, d, 1646
u, d, 1267
u, d, 1128
u, d, 1343
u, d, 1619
u, d, 1332
u, d, 1123
u, d, 1172
u, d, 1129
u, d, 1244
u, d, 1361
u, d, 1118
u, d, 1037
u, d, 1856
u, d, 1012
u, d, 1085
u, d, 1076
u, d, 980
u, d, 1086
u, d, 881
u, d, 977
u, d, 1551
u, d, 907
u, d, 980
u, d, 1068
u, d, 1384
u, d, 1001
u, d, 1131
u, d, 799
u, d, 989
u, d, 846
u, d, 853
u, d, 665
u, d, 403
u, d, 494
u, d, 943
u, d, 841
u, d, 923
u, d, 1004
u, d, 441
u, d, 448
u, d, 462
u, d, 881
u, d, 822
u, d, 929
u, d, 1165
u, d, 822
r, v, 1461
r, v, 1115
r, v, 801
r, v, 681
r, v, 1162
r, v, 1813
r, v, 1254
r, v, 577
r, v, 802
r, v, 1193
r, v, 1858
r, v, 1537
r, v, 1317
r, v, 472
r, v, 952
r, v, 930
r, v, 1747
r, v, 1303
r, v, 1161
r, v, 1063
r, v, 618
r, v, 656
r, v, 654
r, v, 1110
r, v, 518
r, v, 735
r, v, 601
r, v, 748
r, v, 1194
r, v, 495
r, v, 789
r, v, 589
r, v, 1194
r, v, 908
r, v, 611
r, v, 524
r, v, 430
r, v, 960
r, v, 1850
r, v, 1798
r, v, 1244
r, v, 971
r, v, 1311
r, v, 941
r, v, 1278
r, v, 1373
r, v, 1061
r, v, 1017
r, v, 1160
r, v, 1126
r, v, 1668
r, v, 1029
r, v, 1087
r, v, 589
r, v, 777
r, v, 856
r, v, 863
r, v, 773
r, v, 1795
r, v, 778
r, v, 734
r, v, 793
r, v, 768
r, v, 555
r, v, 1082
r, v, 1283
r, v, 550
r, v, 630
r, v, 910
r, v, 351
r, v, 753
r, v, 554
r, v, 596
r, v, 1310
r, v, 670
r, v, 723
r, v, 958
r, v, 580
r, v, 541
r, v, 784
r, v, 1119
r, v, 475
r, v, 543
r, v, 1173
r, v, 523
r, v, 648
r, v, 536
r, v, 558
r, v, 694
r, v, 540
r, v, 726
r, v, 813
r, v, 890
r, v, 616
r, v, 562
r, v, 1150
r, v, 642
r, v, 739
r, v, 960
r, v, 815
r, v, 861
r, v, 820
r, v, 517
r, v, 882
r, v, 750
r, v, 846
r, v, 723
r, v, 699
r, v, 625
r, v, 536
r, v, 936
r, v, 513
r, v, 516
r, v, 365
r, v, 525
r, v, 484
r, v, 395
r, v, 433
r, v, 385
r, v, 371
r, v, 304
r, v, 378
r, v, 710
r, v, 657
r, v, 425
r, v, 256
r, v, 424
r, v, 449
r, v, 759
r, v, 725
r, v, 443
r, v, 455
r, v, 647
r, v, 508
r, v, 596
r, v, 415
r, v, 351
r, v, 502
r, v, 284
r, v, 697
r, v, 463
r, v, 394
r, v, 792
r, v, 348
r, v, 448
r, v, 524
r, v, 515
c, h, 1136
c, h, 764
c, h, 733
c, h, 828
c, h, 730
c, h, 728
c, h, 848
c, h, 815
c, h, 947
c, h, 1519
c, h, 1284
c, h, 1130
c, h, 926
c, h, 644
c, h, 664
c, h, 517
c, h, 1134
c, h, 675
c, h, 621
c, h, 786
c, h, 1100
c, h, 685
c, h, 776
c, h, 1156
c, h, 727
c, h, 950
c, h, 1157
c, h, 1055
c, h, 833
c, h, 864
c, h, 930
c, h, 1068
c, h, 721
c, h, 913
c, h, 941
c, h, 897
c, h, 1419
c, h, 948
c, h, 1499
c, h, 760
c, h, 1121
c, h, 1412
c, h, 1005
c, h, 872
c, h, 880
c, h, 668
c, h, 809
c, h, 755
c, h, 827
c, h, 846
c, h, 722
c, h, 744
c, h, 769
c, h, 648
c, h, 324
c, h, 565
c, h, 378
c, h, 747
c, h, 784
c, h, 693
c, h, 684
c, h, 609
c, h, 499
c, h, 706
c, h, 660
c, h, 436
c, h, 194
c, h, 714
c, h, 318
c, h, 539
c, h, 348
c, h, 454
c, v, 1413
c, v, 1377
c, v, 1247
c, v, 756
c, v, 1244
c, v, 934
c, v, 711
c, v, 1278
c, v, 690
c, v, 866
c, v, 800
c, v, 911
c, v, 829
c, v, 800
c, v, 644
c, v, 624
c, v, 822
c, v, 889
c, v, 887
c, v, 845
c, v, 1330
c, v, 733
c, v, 889
c, v, 798
c, v, 689
c, v, 979
c, v, 1090
c, v, 1044
c, v, 801
c, v, 822
c, v, 823
c, v, 912
c, v, 1200
c, v, 579
c, v, 708
c, v, 933
c, v, 789
c, v, 1262
c, v, 931
c, v, 561
c, v, 659
c, v, 627
c, v, 725
c, v, 645
c, v, 645
c, v, 446
c, v, 356
c, v, 444
c, v, 333
c, v, 578
c, v, 511
c, v, 444
c, v, 422
c, v, 489
c, v, 508
c, v, 473
c, v, 388
c, v, 473
c, v, 344
c, v, 387
c, v, 401
c, v, 423
c, v, 490
c, v, 311
c, v, 423
c, v, 410
c, v, 381
c, v, 311
c, v, 426
c, v, 178
c, v, 356
c, v, 667
q, h, 111
q, h, 689
q, h, 631
q, h, 661
q, h, 474
q, h, 645
q, h, 378
q, v, 412
q, v, 1006
q, v, 860
q, v, 977
q, v, 794
q, v, 541
q, v, 399
z, h, 766
z, h, 1205
z, d, 1131
l, d, 1165
l, d, 577
l, d, 601
l, d, 605
l, d, 641
l, d, 1343
l, d, 528
l, d, 647
l, d, 530
l, d, 578
l, d, 484
l, d, 813
l, d, 567
l, d, 872
l, d, 501
l, d, 668
l, d, 511
l, d, 444
l, d, 442
l, d, 594
l, d, 591
l, d, 462
l, d, 418
l, d, 622
l, d, 473
l, d, 437
l, d, 420
l, d, 482
l, d, 467
l, d, 580
l, d, 484
l, d, 482
l, d, 376
l, d, 602
l, d, 477
l, d, 523
l, d, 481
l, d, 493
l, d, 1583
l, d, 1120
l, d, 1316
l, d, 1075
l, d, 1732
l, d, 897
l, d, 1299
l, d, 978
l, d, 879
l, d, 1420
l, d, 803
l, d, 762
l, d, 840
l, d, 1011
l, d, 686
l, d, 1349
l, d, 925
l, d, 1145
l, d, 1060
l, d, 1018
l, d, 699
l, d, 726
l, d, 993
l, d, 1120
l, d, 938
l, d, 964
l, d, 1132
l, d, 568
l, d, 910
l, d, 982
l, d, 929
l, d, 1160
l, d, 1086
l, d, 794
l, d, 890
l, d, 840
l, d, 921
l, d, 354
l, d, 863
l, d, 709
l, d, 514
l, d, 771
l, d, 474
l, d, 776
l, d, 858
l, d, 324
l, d, 434
l, d, 262
l, d, 500
l, d, 419
l, d, 402
l, d, 309
l, d, 406
b, h, 806
b, h, 667
b, h, 780
b, h, 689
b, h, 806
b, h, 778
b, h, 1287
b, h, 734
b, h, 1136
b, h, 867
b, h, 784
b, h, 667
b, h, 1190
b, h, 667
b, h, 904
b, h, 712
b, h, 715
b, h, 740
b, h, 743
b, h, 622
b, h, 655
b, h, 667
b, h, 958
b, h, 712
b, h, 1041
b, h, 756
b, h, 973
b, h, 555
b, h, 1311
b, h, 911
b, h, 951
b, h, 755
b, h, 704
b, h, 559
b, h, 1451
b, h, 824
b, h, 711
b, h, 445
b, h, 781
b, h, 335
b, h, 958
b, h, 353
b, h, 842
b, h, 355
b, h, 714
b, h, 873
b, h, 387
b, h, 936
b, h, 467
b, h, 725
b, h, 467
b, h, 451
b, h, 356
b, h, 801
b, h, 333
i, v, 760
i, v, 993
i, v, 810
i, v, 941
i, v, 732
i, v, 612
i, v, 639
i, v, 716
i, v, 1064
i, v, 513
i, v, 826
i, v, 765
i, v, 808
i, v, 529
i, v, 760
i, v, 512
i, v, 747
i, v, 599
i, v, 882
i, v, 577
i, v, 765
i, v, 639
i, v, 540
i, v, 479
i, v, 637
i, v, 470
i, v, 572
i, v, 389
i, v, 762
i, v, 568
i, v, 495
i, v, 631
i, v, 565
i, v, 467
i, v, 625
i, v, 404
i, v, 433
i, v, 443
i, v, 463
i, v, 516
i, v, 543
i, v, 434
i, v, 385
i, v, 482
i, v, 430
i, v, 600
i, v, 481
i, v, 1332
i, v, 545
i, v, 476
i, v, 717
i, v, 474
i, v, 448
i, v, 473
i, v, 1400
i, v, 419
i, v, 1140
i, v, 835
i, v, 1238
i, v, 1513
i, v, 880
i, v, 960
i, v, 1041
i, v, 1466
i, v, 919
i, v, 1195
i, v, 870
i, v, 1220
i, v, 975
i, v, 937
i, v, 1237
i, v, 836
i, v, 561
i, v, 850
i, v, 654
i, v, 545
i, v, 992
i, v, 635
i, v, 561
i, v, 648
i, v, 1021
i, v, 734
i, v, 1079
i, v, 888
i, v, 561
i, v, 641
i, v, 599
i, v, 801
i, v, 510
i, v, 521
i, v, 629
i, v, 764
i, v, 503
i, v, 494
i, v, 946
i, v, 494
i, v, 541
i, v, 816
i, v, 1295
i, v, 962
i, v, 906
i, v, 132
i, v, 572
i, v, 502
i, v, 498
i, v, 792
i, v, 600
i, v, 898
i, v, 667
i, v, 921
i, v, 790
i, v, 499
i, v, 370
i, v, 302
i, v, 261
i, v, 412
i, v, 395
i, v, 251
i, v, 394
i, v, 354
i, v, 110
i, v, 446
i, v, 429
i, v, 481
i, v, 433
i, v, 452
i, v, 480
i, v, 616
i, v, 1016
i, v, 445
i, v, 368
i, v, 303
i, v, 241
i, v, 371
i, v, 274
i, v, 280
i, v, 389
i, v, 450
i, v, 321
i, v, 385
i, v, 442
i, v, 356
i, v, 401
i, v, 377
i, v, 378
i, v, 647
i, v, 349
i, v, 397
i, v, 318
i, v, 426
i, v, 311
i, v, 401
i, v, 1131
i, v, 275
i, v, 247
i, v, 230
i, v, 213
i, v, 288
i, v, 286
i, v, 566
i, v, 282
i, v, 313
i, v, 477
i, v, 401
d, d, 1533
d, d, 1617
d, d, 1466
d, d, 1243
d, d, 1481
d, d, 1938
d, d, 846
d, d, 944
d, d, 2908
d, d, 1246
d, d, 1237
d, d, 1263
d, d, 1418
d, d, 1320
d, d, 1284
d, d, 939
d, d, 947
d, d, 1195
d, d, 1135
d, d, 1102
d, d, 815
d, d, 490
d, d, 987
d, d, 2046
d, d, 1747
d, d, 1564
d, d, 1515
d, d, 2187
d, d, 1662
d, d, 1847
d, d, 1587
d, d, 610
d, d, 1618
d, d, 2230
d, d, 1508
d, d, 2363
d, d, 1484
d, d, 1062
d, d, 1583
d, d, 1890
d, d, 2020
d, d, 1521
d, d, 622
d, d, 1504
d, d, 1506
d, d, 1731
d, d, 758
d, d, 875
d, d, 1557
d, d, 1385
d, d, 1935
d, d, 610
d, d, 762
d, d, 958
d, d, 1206
d, d, 649
d, d, 922
d, d, 1045
d, d, 662
d, d, 664
d, d, 1264
d, d, 335
d, d, 609
d, d, 679
d, d, 825
d, d, 1449
d, d, 700
d, d, 497
d, d, 464
d, d, 1535
d, d, 402
d, d, 769
d, d, 548
d, d, 311
d, d, 369
d, d, 326
d, d, 357
d, d, 586
h, h, 1208
h, h, 1427
h, h, 1142
h, h, 1062
h, h, 1407
h, h, 1320
h, h, 1293
h, h, 1302
h, h, 2245
h, h, 1079
h, h, 1252
h, h, 617
h, h, 1141
h, h, 1111
h, h, 622
h, h, 519
h, h, 646
h, h, 1336
h, h, 747
h, h, 1162
h, h, 958
h, h, 748
h, h, 973
h, h, 816
h, h, 980
h, h, 694
h, h, 813
h, h, 533
h, h, 700
h, h, 653
h, h, 726
h, h, 684
h, h, 770
h, h, 615
h, h, 666
h, h, 557
h, h, 620
h, h, 1206
h, h, 921
h, h, 1646
h, h, 1033
h, h, 1746
h, h, 1625
h, h, 1586
h, h, 1195
h, h, 1198
h, h, 1062
h, h, 1166
h, h, 572
h, h, 1423
h, h, 2313
h, h, 2846
h, h, 929
h, h, 605
h, h, 640
h, h, 513
h, h, 1323
h, h, 555
h, h, 758
h, h, 734
h, h, 793
h, h, 1677
h, h, 864
h, h, 844
h, h, 740
h, h, 779
h, h, 559
h, h, 1171
h, h, 830
h, h, 755
h, h, 645
h, h, 746
h, h, 778
h, h, 1228
h, h, 1106
h, h, 2050
h, h, 1158
h, h, 1068
h, h, 932
h, h, 1214
h, h, 748
h, h, 864
h, h, 853
h, h, 1143
h, h, 1309
h, h, 948
h, h, 1010
h, h, 1194
h, h, 975
h, h, 987
h, h, 711
h, h, 1220
h, h, 1087
h, h, 1179
h, h, 542
h, h, 977
h, h, 973
h, h, 1771
h, h, 1139
h, h, 812
h, h, 456
h, h, 371
h, h, 879
h, h, 281
h, h, 363
h, h, 288
h, h, 600
h, h, 791
h, h, 307
h, h, 761
h, h, 648
h, h, 721
h, h, 575
h, h, 576
v, h, 1017
v, h, 2074
v, h, 823
v, h, 647
v, h, 734
v, h, 845
v, h, 822
v, h, 845
v, h, 1245
v, h, 715
v, h, 377
v, h, 821
v, h, 1072
v, h, 1142
v, h, 555
v, h, 556
v, h, 689
v, h, 473
v, v, 3502
v, v, 968
v, v, 1933
v, v, 3624
v, v, 591
v, v, 3504
v, v, 1139
v, v, 1269
v, v, 729
v, v, 1559
v, v, 1172
v, v, 1314
v, v, 2444
v, v, 1555
v, v, 1422
v, v, 907
v, v, 1235
v, v, 1589
v, v, 1043
delete, h, 1042
delete, h, 549
delete, h, 534
delete, h, 1008
delete, h, 620
delete, h, 609
delete, h, 1443
delete, h, 433
delete, h, 542
delete, h, 846
delete, h, 328
delete, h, 306
delete, h, 232
delete, h, 192
delete, h, 493
delete, h, 559
delete, h, 413
delete, h, 181
delete, h, 385
delete, h, 242
delete, h, 168
delete, h, 122
delete, h, 258
delete, h, 447
delete, h, 482
delete, h, 720
delete, h, 368
delete, h, 418
delete, h, 412
delete, h, 383
delete, h, 369
delete, h, 754
delete, h, 573
delete, h, 481
delete, h, 667
delete, h, 563
delete, h, 614
delete, h, 1390
delete, h, 617
delete, h, 712
delete, h, 762
delete, h, 1171
delete, h, 714
delete, h, 518
delete, h, 573
delete, h, 603
delete, h, 707
delete, h, 1073
delete, h, 594
delete, h, 622
delete, h, 655
delete, h, 585
delete, h, 657
delete, h, 768
delete, h, 720
delete, h, 1136
delete, h, 684
delete, h, 543
delete, h, 1144
delete, h, 812
delete, h, 600
delete, h, 589
delete, h, 648
delete, h, 384
delete, h, 317
delete, h, 483
delete, h, 358
delete, h, 524
delete, h, 668
delete, h, 335
delete, h, 428
delete, h, 362
delete, h, 740
delete, h, 285
delete, h, 667
delete, h, 439
delete, h, 931
delete, h, 517
delete, h, 812
delete, h, 462
delete, h, 333
delete, h, 361
delete, h, 313
delete, h, 355
delete, h, 528
delete, h, 517
delete, h, 998
delete, h, 213
delete, h, 371
delete, h, 361
delete, h, 623
delete, h, 394
delete, h, 287
delete, h, 281
delete, h, 299
delete, h, 231
delete, h, 433
delete, h, 338
delete, h, 395
delete, h, 500
delete, h, 286
delete, h, 323
delete, h, 399
delete, h, 248
delete, h, 850
delete, h, 495
delete, h, 550
delete, h, 541
delete, h, 254
delete, h, 401
delete, h, 579
delete, h, 501
delete, h, 435
delete, h, 501
delete, h, 327
f, v, 926
f, v, 799
f, v, 1238
f, v, 712
f, v, 1123
f, v, 801
f, v, 735
f, v, 779
f, v, 712
f, v, 489
f, v, 652
f, v, 779
f, v, 1074
f, v, 756
f, v, 1111
f, v, 801
f, v, 800
f, v, 776
f, v, 596
f, v, 489
f, v, 489
f, v, 734
f, v, 878
f, v, 778
f, v, 613
f, v, 555
f, v, 946
f, v, 1289
f, v, 815
f, v, 910
f, v, 1224
f, v, 823
f, v, 1080
f, v, 800
f, v, 914
f, v, 780
f, v, 1848
f, v, 823
f, v, 1324
f, v, 800
f, v, 982
f, v, 948
f, v, 1185
f, v, 599
f, v, 1085
f, v, 857
f, v, 1235
f, v, 660
f, v, 1152
f, v, 330
f, v, 733
f, v, 395
f, v, 961
f, v, 923
f, v, 893
f, v, 578
f, v, 903
f, v, 667
f, v, 714
f, v, 534
f, v, 810
f, v, 663
f, v, 1042
f, v, 533
f, v, 812
f, v, 469
f, v, 866
f, v, 510
f, v, 703
f, v, 489
f, v, 1138
f, v, 559
f, v, 1058
f, v, 474
f, v, 831
f, v, 559
f, v, 286
f, v, 517
f, v, 1039
f, v, 474
f, v, 685
f, v, 578
f, v, 904
f, v, 544
f, v, 372
f, v, 600
f, v, 846
f, v, 490
f, v, 626
f, v, 491
f, v, 734
f, v, 556
f, v, 639
f, v, 422
f, v, 310
f, v, 467
f, v, 760
f, v, 489
y, h, 1089
y, h, 955
y, h, 939
y, h, 734
y, h, 737
y, h, 822
y, h, 1031
y, h, 869
y, h, 1006
y, h, 890
y, h, 1000
y, h, 710
y, h, 745
y, h, 778
y, h, 679
y, h, 734
y, h, 495
y, h, 732
y, h, 1117
y, h, 887
y, h, 1010
y, h, 733
y, h, 573
y, h, 978
y, h, 732
y, h, 907
y, h, 730
y, h, 867
y, h, 1067
y, h, 779
y, h, 1445
y, h, 912
y, h, 998
y, h, 776
y, h, 1449
y, h, 1023
y, h, 1287
y, h, 848
y, h, 1115
y, h, 867
y, h, 1352
y, h, 765
y, h, 948
y, h, 623
y, h, 1097
y, h, 889
y, h, 1222
y, h, 1098
y, h, 1506
y, h, 1086
y, h, 1023
y, h, 756
y, h, 1155
y, h, 823
y, h, 1059
y, h, 512
y, h, 2446
y, h, 934
y, h, 971
y, h, 725
y, h, 1087
y, h, 536
y, h, 1053
y, h, 825
y, h, 879
y, h, 622
y, h, 930
y, h, 422
y, h, 703
y, h, 467
y, h, 2159
y, h, 511
y, h, 1034
y, h, 667
y, h, 852
y, h, 1291
y, h, 734
y, h, 387
y, h, 1308
y, h, 430
y, h, 482
y, h, 1047
y, h, 710
y, h, 356
y, h, 1199
y, h, 377
y, h, 680
y, h, 409
y, h, 670
y, h, 381
y, h, 582
y, h, 436
y, h, 472
y, h, 463
y, h, 1089
y, h, 577
w, v, 1112
w, v, 909
w, v, 1103
w, v, 800
w, v, 1532
w, v, 889
w, v, 1016
w, v, 756
w, v, 1368
w, v, 759
w, v, 1480
w, v, 819
w, v, 1239
w, v, 739
w, v, 1244
w, v, 757
w, v, 1317
w, v, 823
w, v, 781
w, v, 734
w, v, 1609
w, v, 823
w, v, 971
w, v, 689
w, v, 784
w, v, 711
w, v, 1580
w, v, 690
w, v, 1190
w, v, 792
w, v, 958
w, v, 711
w, v, 806
w, v, 533
w, v, 952
w, v, 687
w, v, 993
w, v, 689
w, v, 1233
w, v, 822
w, v, 1142
w, v, 649
w, v, 782
w, v, 558
w, v, 1394
w, v, 645
w, v, 1074
w, v, 711
w, v, 127
w, v, 1104
w, v, 980
w, v, 759
w, v, 1039
w, v, 578
w, v, 1172
w, v, 467
w, v, 1059
w, v, 533
w, v, 946
w, v, 473
w, v, 903
w, v, 430
w, v, 731
w, v, 430
w, v, 693
w, v, 445
w, v, 668
w, v, 401
w, v, 854
w, v, 490
w, v, 425
w, v, 354
w, v, 385
w, v, 301
w, v, 491
w, v, 381
w, v, 314
w, v, 299
w, v, 791
w, v, 400
w, v, 331
w, v, 378
w, v, 412
w, v, 400
w, v, 398
w, v, 577
w, v, 293
w, v, 467
w, v, 312
w, v, 445
w, v, 385
w, v, 535
o, v, 812
o, v, 814
o, v, 888
o, v, 1237
o, v, 796
o, v, 557
o, v, 977
o, v, 898
o, v, 803
o, v, 928
o, v, 841
o, v, 662
o, v, 691
o, v, 824
o, v, 515
o, v, 778
o, v, 824
o, v, 679
o, v, 957
o, v, 709
o, v, 771
o, v, 441
o, v, 487
o, v, 498
o, v, 424
o, v, 571
o, v, 607
o, v, 503
o, v, 346
o, v, 318
o, v, 649
o, v, 397
o, v, 458
o, v, 493
o, v, 490
o, v, 738
o, v, 548
o, v, 462
o, v, 398
o, v, 649
o, v, 392
o, v, 615
o, v, 642
o, v, 538
o, v, 468
o, v, 615
o, v, 403
o, v, 463
o, v, 452
o, v, 467
o, v, 466
o, v, 498
o, v, 456
o, v, 599
o, v, 442
o, v, 389
o, v, 523
o, v, 384
o, v, 514
o, v, 482
o, v, 782
o, v, 888
o, v, 850
o, v, 897
o, v, 905
o, v, 1073
o, v, 1041
o, v, 1030
o, v, 904
o, v, 910
o, v, 958
o, v, 1121
o, v, 812
o, v, 847
o, v, 1181
o, v, 902
o, v, 861
o, v, 973
o, v, 941
o, v, 840
o, v, 710
o, v, 609
o, v, 819
o, v, 949
o, v, 950
o, v, 759
o, v, 563
o, v, 655
o, v, 933
o, v, 812
o, v, 1003
o, v, 870
o, v, 673
o, v, 1075
o, v, 1291
o, v, 877
o, v, 694
o, v, 506
o, v, 516
o, v, 610
o, v, 614
o, v, 662
o, v, 581
o, v, 702
o, v, 306
o, v, 545
o, v, 560
o, v, 542
o, v, 897
o, v, 755
o, v, 689
o, v, 623
o, v, 677
o, v, 917
o, v, 769
o, v, 712
o, v, 993
o, v, 638
o, v, 613
o, v, 492
o, v, 576
o, v, 432
o, v, 466
o, v, 415
o, v, 561
o, v, 508
o, v, 988
o, v, 350
o, v, 302
o, v, 673
o, v, 507
o, v, 427
o, v, 431
o, v, 561
o, v, 540
o, v, 534
o, v, 701
o, v, 498
o, v, 526
o, v, 1088
o, v, 578
o, v, 608
o, v, 318
o, v, 498
o, v, 458
o, v, 351
o, v, 629
o, v, 338
o, v, 512
o, v, 404
o, v, 459
o, v, 256
o, v, 304
o, v, 429
o, v, 481
o, v, 524
o, v, 1014
o, v, 462
o, v, 1512
o, v, 531
o, v, 578
o, v, 904
o, v, 470
o, v, 474
o, v, 559
o, v, 940
o, v, 830
o, v, 218
o, v, 788
o, v, 637
o, v, 305
o, v, 882
o, v, 369
o, v, 357
o, v, 1063
o, v, 308
o, v, 392
o, v, 737
o, v, 576
o, v, 318
o, v, 678
o, v, 393
o, v, 1022
o, v, 910
n, h, 1190
n, h, 948
n, h, 1013
n, h, 939
n, h, 1149
n, h, 759
n, h, 941
n, h, 1052
n, h, 947
n, h, 1384
n, h, 1045
n, h, 897
n, h, 1119
n, h, 1055
n, h, 1129
n, h, 578
n, h, 843
n, h, 545
n, h, 1584
n, h, 1151
n, h, 732
n, h, 359
n, h, 681
n, h, 1091
n, h, 790
n, h, 682
n, h, 2144
n, h, 513
n, h, 771
n, h, 782
n, h, 1528
n, h, 822
n, h, 986
n, h, 597
n, h, 834
n, h, 440
n, h, 448
n, h, 528
n, h, 417
n, h, 466
n, h, 560
n, h, 1013
n, h, 676
n, h, 706
n, h, 970
n, h, 1400
n, h, 1176
n, h, 1338
n, h, 1011
n, h, 473
n, h, 1387
n, h, 1022
n, h, 674
n, h, 1055
n, h, 1894
n, h, 558
n, h, 354
n, h, 343
n, h, 380
n, h, 439
n, h, 672
n, h, 611
n, h, 733
n, h, 525
n, h, 625
n, h, 666
n, h, 527
n, h, 512
n, h, 748
n, h, 644
n, h, 641
n, h, 643
n, h, 1205
n, h, 906
n, h, 527
n, h, 654
n, h, 628
n, h, 287
n, h, 536
n, h, 685
n, h, 904
n, h, 820
n, h, 767
n, h, 654
n, h, 1360
n, h, 930
n, h, 671
n, h, 711
n, h, 931
n, h, 1038
n, h, 910
n, h, 953
n, h, 581
n, h, 568
n, h, 1035
n, h, 1090
n, h, 843
n, h, 1210
n, h, 866
n, h, 543
n, h, 301
n, h, 531
n, h, 690
n, h, 742
n, h, 468
n, h, 437
n, h, 1330
n, h, 731
n, h, 763
n, h, 464
n, h, 386
n, h, 377
n, h, 744
n, h, 942
n, h, 1091
n, h, 947
n, h, 872
n, h, 531
n, h, 341
n, h, 836
n, h, 491
n, h, 362
n, h, 745
n, h, 599
n, h, 761
n, h, 717
n, h, 430
n, h, 690
n, h, 481
n, h, 612
n, h, 843
n, h, 614
n, h, 378
n, h, 466
n, h, 332
n, h, 385
n, h, 274
n, h, 483
n, h, 371
n, h, 558
n, h, 317
n, h, 727
n, h, 431
n, h, 594
n, h, 477
n, h, 497
n, h, 681
n, h, 751
n, h, 503
n, h, 460
n, h, 280
n, h, 739
n, h, 335
m, h, 919
m, h, 680
m, h, 769
m, h, 1038
m, h, 765
m, h, 699
m, h, 1104
m, h, 470
m, h, 694
m, h, 497
m, h, 580
m, h, 897
m, h, 668
m, h, 316
m, h, 868
m, h, 852
m, h, 795
m, h, 879
m, h, 931
m, h, 906
m, h, 990
m, h, 694
m, h, 850
m, h, 776
m, h, 826
m, h, 667
m, h, 418
m, h, 592
m, h, 1193
m, h, 751
m, h, 794
m, h, 719
m, h, 642
m, h, 533
m, h, 460
m, h, 860
m, h, 739
m, h, 813
m, h, 647
m, h, 277
m, h, 413
m, h, 528
m, h, 699
m, h, 616
m, h, 434
m, h, 738
m, h, 512
m, h, 493
m, h, 462
m, h, 451
m, h, 367
m, h, 974
m, v, 667
m, v, 712
m, v, 756
m, v, 583
m, v, 578
m, v, 668
m, v, 778
m, v, 823
m, v, 889
m, v, 489
m, v, 689
m, v, 577
m, v, 602
m, v, 466
m, v, 821
m, v, 801
m, v, 557
m, v, 734
m, v, 378
m, v, 511
m, v, 934
m, v, 578
m, v, 445
m, v, 862
m, v, 955
m, v, 423
m, v, 269
m, v, 423
m, v, 756
m, v, 534
m, v, 731
m, v, 556
m, v, 333
m, v, 314
m, v, 824
m, v, 756
m, v, 422
m, v, 535
m, v, 398
m, v, 666
m, v, 473
m, v, 473
m, v, 423
m, v, 355
m, v, 378
m, v, 422
m, v, 445
m, v, 489
m, v, 487
m, v, 355
m, v, 356
m, v, 511
x, h, 746
x, h, 912
x, h, 894
x, h, 1422
x, h, 868
x, h, 1246
x, h, 741
x, v, 511
x, v, 956
x, v, 844
x, v, 883
x, v, 517
x, v, 512
x, v, 467
g, h, 755
g, h, 776
g, h, 911
g, h, 822
g, h, 756
g, h, 644
g, h, 734
g, h, 649
g, h, 778
g, h, 644
g, h, 689
g, h, 622
g, h, 1136
g, h, 754
g, h, 645
g, h, 690
g, h, 712
g, h, 667
g, h, 600
g, h, 667
g, h, 622
g, h, 667
g, h, 911
g, h, 733
g, h, 913
g, h, 867
g, h, 801
g, h, 822
g, h, 844
g, h, 400
g, h, 867
g, h, 734
g, h, 1156
g, h, 759
g, h, 645
g, h, 845
g, h, 711
g, h, 578
g, h, 695
g, h, 726
g, h, 473
g, h, 694
g, h, 725
g, h, 825
g, h, 659
g, h, 801
g, h, 443
g, h, 356
g, h, 534
g, h, 466
g, h, 467
g, h, 733
g, h, 511
g, h, 511
g, h, 466
g, h, 387
g, h, 445
g, h, 490
g, h, 381
g, h, 219
g, h, 481
g, v, 1349
g, v, 1114
g, v, 1207
g, v, 994
g, v, 1196
g, v, 1033
g, v, 1133
g, v, 977
g, v, 1074
g, v, 922
g, v, 1084
g, v, 1188
g, v, 1196
g, v, 906
g, v, 1437
g, v, 942
g, v, 1236
g, v, 870
g, v, 956
g, v, 1024
g, v, 1207
g, v, 1027
g, v, 494
g, v, 1451
g, v, 1672
g, v, 2099
g, v, 1442
g, v, 1619
g, v, 1728
g, v, 459
g, v, 1837
g, v, 1266
g, v, 1662
g, v, 2254
g, v, 1469
g, v, 1478
g, v, 1272
g, v, 579
g, v, 1508
g, v, 1716
g, v, 1386
g, v, 1324
g, v, 2129
g, v, 1627
g, v, 1201
g, v, 1801
g, v, 1297
g, v, 1290
g, v, 1544
g, v, 787
g, v, 1125
g, v, 916
g, v, 962
g, v, 893
g, v, 517
g, v, 870
g, v, 853
g, v, 1201
g, v, 675
g, v, 366
g, v, 746
j, h, 1269
j, h, 800
j, h, 800
j, h, 845
j, d, 1211
j, d, 1045
j, d, 1433
j, d, 3034
done, v, 715
done, v, 739
done, v, 517
done, v, 448
done, v, 509
done, v, 611
done, v, 672
done, v, 804
done, v, 518
done, v, 481
done, v, 506
done, v, 353
done, v, 450
done, v, 667
done, v, 317
done, v, 482
done, v, 465
done, v, 494
done, v, 418
done, v, 421
done, v, 574
done, v, 609
done, v, 498
done, v, 435
done, v, 397
done, v, 576
done, v, 445
done, v, 767
done, v, 514
done, v, 450
done, v, 591
done, v, 689
done, v, 868
done, v, 1204
done, v, 711
done, v, 685
done, v, 666
done, v, 810
done, v, 627
done, v, 4738
done, v, 616
done, v, 851
done, v, 845
done, v, 768
done, v, 1862
done, v, 1008
done, v, 647
done, v, 1122
done, v, 672
done, v, 1023
done, v, 913
done, v, 654
done, v, 954
done, v, 525
done, v, 905
done, v, 618
done, v, 521
done, v, 1489
done, v, 703
done, v, 553
done, v, 424
done, v, 625
done, v, 555
done, v, 532
done, v, 565
done, v, 549
done, v, 588
done, v, 1065
done, v, 491
done, v, 647
done, v, 751
done, v, 909
done, v, 979
done, v, 621
done, v, 595
done, v, 470
done, v, 810
done, v, 468
done, v, 440
done, v, 478
done, v, 370
done, v, 482
done, v, 612
done, v, 597
done, v, 350
done, v, 647
done, v, 552
done, v, 513
done, v, 800
p, v, 970
p, v, 822
p, v, 1062
p, v, 890
p, v, 1052
p, v, 868
p, v, 919
p, v, 801
p, v, 703
p, v, 690
p, v, 698
p, v, 667
p, v, 828
p, v, 732
p, v, 798
p, v, 823
p, v, 608
p, v, 800
p, v, 770
p, v, 1580
p, v, 1149
p, v, 1067
p, v, 976
p, v, 844
p, v, 814
p, v, 624
p, v, 1252
p, v, 823
p, v, 647
p, v, 662
p, v, 586
p, v, 379
p, v, 451
p, v, 506
p, v, 527
p, v, 284
p, v, 1122
p, v, 1022
p, v, 1023
p, v, 713
p, v, 610
p, v, 779
p, v, 777
p, v, 755
p, v, 800
p, v, 667
p, v, 1358
p, v, 910
p, v, 545
p, v, 597
p, v, 1006
p, v, 778
p, v, 1868
p, v, 473
p, v, 740
p, v, 559
p, v, 336
p, v, 422
p, v, 575
p, v, 489
p, v, 365
p, v, 400
p, v, 345
p, v, 599
p, v, 347
p, v, 517
p, v, 346
p, v, 491
p, v, 338
p, v, 489
p, v, 448
p, v, 465
s, h, 1186
s, h, 686
s, h, 661
s, h, 1052
s, h, 1154
s, h, 1065
s, h, 1273
s, h, 971
s, h, 915
s, h, 1915
s, h, 1024
s, h, 1206
s, h, 1059
s, h, 944
s, h, 677
s, h, 596
s, h, 927
s, h, 776
s, h, 1116
s, h, 853
s, h, 627
s, h, 573
s, h, 719
s, h, 344
s, h, 534
s, h, 822
s, h, 469
s, h, 451
s, h, 582
s, h, 693
s, h, 715
s, h, 792
s, h, 991
s, h, 791
s, h, 837
s, h, 872
s, h, 803
s, h, 783
s, h, 735
s, h, 963
s, h, 1261
s, h, 756
s, h, 1159
s, h, 821
s, h, 748
s, h, 709
s, h, 705
s, h, 561
s, h, 1330
s, h, 1102
s, h, 1685
s, h, 1635
s, h, 1368
s, h, 1016
s, h, 1227
s, h, 670
s, h, 1297
s, h, 640
s, h, 1000
s, h, 1538
s, h, 646
s, h, 920
s, h, 833
s, h, 1107
s, h, 947
s, h, 1346
s, h, 712
s, h, 667
s, h, 985
s, h, 729
s, h, 1132
s, h, 820
s, h, 1303
s, h, 715
s, h, 601
s, h, 1388
s, h, 853
s, h, 433
s, h, 596
s, h, 676
s, h, 910
s, h, 578
s, h, 635
s, h, 662
s, h, 1031
s, h, 721
s, h, 609
s, h, 912
s, h, 896
s, h, 637
s, h, 968
s, h, 773
s, h, 989
s, h, 1237
s, h, 884
s, h, 1014
s, h, 1168
s, h, 774
s, h, 2034
s, h, 1107
s, h, 824
s, h, 837
s, h, 575
s, h, 714
s, h, 1077
s, h, 805
s, h, 1025
s, h, 1099
s, h, 343
s, h, 546
s, h, 877
s, h, 705
s, h, 792
s, h, 419
s, h, 1274
s, h, 834
s, h, 301
s, h, 742
s, h, 610
s, h, 564
s, h, 446
s, h, 482
s, h, 437
s, h, 558
s, h, 618
s, h, 711
s, h, 895
s, h, 562
s, h, 770
s, h, 533
s, h, 307
s, h, 642
s, h, 944
s, h, 626
s, h, 548
s, h, 794
s, h, 286
s, h, 543
